,precision,recall,f1-score,support
causes,0.0,0.0,0.0,6.0
prevents,0.0,0.0,0.0,4.0
treats,0.8571428571428571,0.42857142857142855,0.5714285714285714,14.0
has,0.8679245283018868,0.5348837209302325,0.6618705035971223,86.0
diagnoses,1.0,0.2857142857142857,0.4444444444444445,7.0
complicates,0.0,0.0,0.0,0.0
micro avg,0.8709677419354839,0.46153846153846156,0.6033519553072626,117.0
macro avg,0.45417789757412397,0.20819490586932443,0.2796239199116897,117.0
weighted avg,0.800354781486857,0.46153846153846145,0.5814698668415694,117.0
