,precision,recall,f1-score,support
causes,0.3333333333333333,0.3333333333333333,0.3333333333333333,6.0
prevents,0.6666666666666666,0.5,0.5714285714285715,4.0
treats,0.5294117647058824,0.6428571428571429,0.5806451612903226,14.0
has,0.7789473684210526,0.8604651162790697,0.8176795580110496,86.0
diagnoses,1.0,0.5714285714285714,0.7272727272727273,7.0
complicates,0.0,0.0,0.0,0.0
micro avg,0.728,0.7777777777777778,0.7520661157024793,117.0
macro avg,0.5513931888544891,0.4846806939830195,0.5050598918893341,117.0
weighted avg,0.7356231201432439,0.7777777777777778,0.7506504070396424,117.0
